,UTA,POR,10:00 pm,,"Tuesday, October 25",
,SAS,GSW,10:30 pm,"Tuesday, October 25"
,DAL,IND,7:00 pm,,"Wednesday, October 26",
,BKN,BOS,7:30 pm,,"Wednesday, October 26",
,DET,TOR,7:30 pm,,"Wednesday, October 26",
,CHA,MIL,8:00 pm,,"Wednesday, October 26",
,MIN,MEM,8:00 pm,,"Wednesday, October 26",
,DEN,NOP,8:00 pm,,"Wednesday, October 26",
,OKC,PHI,8:00 pm,"Wednesday, October 26",
,SAC,PHO,10:00 pm,,"Wednesday, October 26",
,HOU,LAL,10:30 pm,"Wednesday, October 26",
,BOS,CHI,8:00 pm,"Thursday, October 27",
,SAS,SAC,10:30 pm,,"Thursday, October 27",
,LAC,POR,10:30 pm,,"Thursday, October 27",
,IND,BKN,7:30 pm,,"Friday, October 28",
,ORL,DET,7:30 pm,,"Friday, October 28",
,PHO,OKC,8:00 pm,,"Friday, October 28",
,CHA,MIA,8:00 pm,,"Friday, October 28",
,HOU,DAL,8:30 pm,,"Friday, October 28",
,LAL,UTA,9:00 pm,,"Friday, October 28",
,GSW,NOP,9:30 pm,"Friday, October 28",
,BOS,CHA,7:00 pm,,"Saturday, October 29",
,MEM,NYK,7:30 pm,,"Saturday, October 29",
,ORL,CLE,7:30 pm,,"Saturday, October 29",
,IND,CHI,8:00 pm,,"Saturday, October 29",
,BKN,MIL,8:00 pm,,"Saturday, October 29",
,NOP,SAS,8:00 pm,"Saturday, October 29",
,POR,DEN,9:00 pm,,"Saturday, October 29",
,MIN,SAC,10:30 pm,,"Saturday, October 29",
,GSW,PHO,6:00 pm,,"Sunday, October 30",
,SAS,MIA,6:00 pm,,"Sunday, October 30",
,MIL,DET,6:00 pm,,"Sunday, October 30",
,WAS,MEM,7:00 pm,"Sunday, October 30",
,LAL,OKC,7:00 pm,,"Sunday, October 30",
,DAL,HOU,8:00 pm,,"Sunday, October 30",
"Monday, October 31",DEN,TOR,7:30 pm,NBATV,"Monday, October 31",
,CHI,BKN,7:30 pm,,"Monday, October 31",
,SAC,ATL,7:30 pm,,"Monday, October 31",
,PHO,LAC,10:30 pm,,"Monday, October 31",
"Tuesday, November 1",ORL,PHI,7:00 pm,,"Tuesday, November 1",
,HOU,CLE,7:00 pm,NBATV,"Tuesday, November 1",
,LAL,IND,7:00 pm,,"Tuesday, November 1",
,SAC,MIA,7:30 pm,,"Tuesday, November 1",
,NYK,DET,7:30 pm,,"Tuesday, November 1",
,MIL,NOP,8:00 pm,,"Tuesday, November 1",
,MEM,MIN,8:00 pm,,"Tuesday, November 1",
,UTA,SAS,8:30 pm,,"Tuesday, November 1",
,GSW,POR,10:00 pm,NBATV,"Tuesday, November 1",
"Wednesday, November 2",TOR,WAS,7:00 pm,,"Wednesday, November 2",
,PHI,CHA,7:00 pm,,"Wednesday, November 2",
,DET,BKN,7:30 pm,,"Wednesday, November 2",
,HOU,NYK,7:30 pm,,"Wednesday, November 2",
,LAL,ATL,7:30 pm,,"Wednesday, November 2",
,NOP,MEM,8:00 pm,,"Wednesday, November 2",
,CHI,BOS,8:00 pm,ESPN,"Wednesday, November 2",
,DAL,UTA,9:00 pm,,"Wednesday, November 2",
,POR,PHO,10:00 pm,,"Wednesday, November 2",
,OKC,LAC,10:30 pm,ESPN,"Wednesday, November 2",
"Thursday, November 3",SAC,ORL,7:00 pm,,"Thursday, November 3",
,IND,MIL,8:00 pm,,"Thursday, November 3",
,DEN,MIN,8:00 pm,,"Thursday, November 3",
,BOS,CLE,8:00 pm,TNT,"Thursday, November 3",
,OKC,GSW,10:30 pm,TNT,"Thursday, November 3",
"Friday, November 4",ATL,WAS,7:00 pm,,"Friday, November 4",
,MIA,TOR,7:30 pm,,"Friday, November 4",
,CHA,BKN,7:30 pm,,"Friday, November 4",
,NYK,CHI,8:00 pm,ESPN,"Friday, November 4",
,LAC,MEM,8:00 pm,,"Friday, November 4",
,PHO,NOP,8:00 pm,,"Friday, November 4",
,POR,DAL,8:30 pm,,"Friday, November 4",
,SAS,UTA,9:00 pm,,"Friday, November 4",
,GSW,LAL,10:30 pm,ESPN,"Friday, November 4",
"Saturday, November 5",MIN,OKC,6:00 pm,,"Saturday, November 5",
,CLE,PHI,7:00 pm,,"Saturday, November 5",
,WAS,ORL,7:00 pm,,"Saturday, November 5",
,DEN,DET,7:00 pm,,"Saturday, November 5",
,CHI,IND,7:00 pm,,"Saturday, November 5",
,HOU,ATL,7:30 pm,,"Saturday, November 5",
,SAC,MIL,8:00 pm,,"Saturday, November 5",
,LAC,SAS,8:30 pm,NBATV,"Saturday, November 5",
"Sunday, November 6",UTA,NYK,1:00 pm,,"Sunday, November 6",
,POR,MEM,4:30 pm,,"Sunday, November 6",
,SAC,TOR,7:00 pm,,"Sunday, November 6",
,MIL,DAL,8:00 pm,NBATV,"Sunday, November 6",
,DEN,BOS,8:30 pm,,"Sunday, November 6",
,PHO,LAL,10:30 pm,,"Sunday, November 6",
"Monday, November 7",UTA,PHI,8:00 pm,NBATV,"Monday, November 7",
,HOU,WAS,8:00 pm,,"Monday, November 7",
,IND,CHA,8:00 pm,,"Monday, November 7",
,ORL,CHI,9:00 pm,,"Monday, November 7",
,MIA,OKC,9:00 pm,,"Monday, November 7",
,DET,LAC,11:30 pm,,"Monday, November 7",
,NOP,GSW,11:30 pm,,"Monday, November 7",
"Tuesday, November 8",ATL,CLE,8:00 pm,NBATV,"Tuesday, November 8",
,MIN,BKN,8:30 pm,,"Tuesday, November 8",
,DEN,MEM,9:00 pm,,"Tuesday, November 8",
,PHO,POR,11:00 pm,,"Tuesday, November 8",
,DAL,LAL,11:30 pm,,"Tuesday, November 8",
,NOP,SAC,11:30 pm,NBATV,"Tuesday, November 8",
"Wednesday, November 9",BKN,NYK,8:00 pm,ESPN,"Wednesday, November 9",
,BOS,WAS,8:00 pm,,"Wednesday, November 9",
,UTA,CHA,8:00 pm,,"Wednesday, November 9",
,MIN,ORL,8:00 pm,,"Wednesday, November 9",
,PHI,IND,8:00 pm,,"Wednesday, November 9",
,CHI,ATL,8:30 pm,,"Wednesday, November 9",
,TOR,OKC,9:00 pm,,"Wednesday, November 9",
,DET,PHO,10:00 pm,,"Wednesday, November 9",
,HOU,SAS,10:30 pm,ESPN,"Wednesday, November 9",
,POR,LAC,11:30 pm,,"Wednesday, November 9",
,DAL,GSW,11:30 pm,,"Wednesday, November 9",
"Thursday, November 10",NOP,MIL,9:00 pm,,"Thursday, November 10",
,CHI,MIA,9:00 pm,,"Thursday, November 10",
,GSW,DEN,10:00 pm,,"Thursday, November 10",
,LAL,SAC,11:30 pm,TNT,"Thursday, November 10",
"Friday, November 11",IND,PHI,8:00 pm,,"Friday, November 11",
,CLE,WAS,8:00 pm,,"Friday, November 11",
,TOR,CHA,8:00 pm,,"Friday, November 11",
,UTA,ORL,8:00 pm,,"Friday, November 11",
,NYK,BOS,8:30 pm,,"Friday, November 11",
,LAC,OKC,9:00 pm,NBATV,"Friday, November 11",
,DET,SAS,9:30 pm,,"Friday, November 11",
,SAC,POR,11:00 pm,,"Friday, November 11",
"Saturday, November 12",LAL,NOP,8:00 pm,,"Saturday, November 12",
,BOS,IND,8:00 pm,,"Saturday, November 12",
,NYK,TOR,8:30 pm,,"Saturday, November 12",
,PHI,ATL,8:30 pm,,"Saturday, November 12",
,WAS,CHI,9:00 pm,,"Saturday, November 12",
,SAS,HOU,9:00 pm,,"Saturday, November 12",
,LAC,MIN,9:00 pm,,"Saturday, November 12",
,UTA,MIA,9:00 pm,,"Saturday, November 12",
,MEM,MIL,9:30 pm,,"Saturday, November 12",
,DET,DEN,10:00 pm,NBATV,"Saturday, November 12",
,BKN,PHO,10:00 pm,,"Saturday, November 12",
"Sunday, November 13",CHA,CLE,4:30 pm,,"Sunday, November 13",
,ORL,OKC,8:00 pm,,"Sunday, November 13",
,LAL,MIN,8:00 pm,,"Sunday, November 13",
,PHO,GSW,9:00 pm,,"Sunday, November 13",
,DEN,POR,10:00 pm,,"Sunday, November 13",
"Monday, November 14",ORL,IND,8:00 pm,,"Monday, November 14",
,DAL,NYK,8:30 pm,,"Monday, November 14",
,OKC,DET,8:30 pm,,"Monday, November 14",
,BOS,NOP,9:00 pm,,"Monday, November 14",
,PHI,HOU,9:00 pm,NBATV,"Monday, November 14",
,MIA,SAS,9:30 pm,,"Monday, November 14",
,MEM,UTA,10:00 pm,,"Monday, November 14",
,BKN,LAC,11:30 pm,,"Monday, November 14",
"Tuesday, November 15",TOR,CLE,8:00 pm,NBATV,"Tuesday, November 15",
,ATL,MIA,8:30 pm,,"Tuesday, November 15",
,CHA,MIN,9:00 pm,,"Tuesday, November 15",
,CHI,POR,11:00 pm,NBATV,"Tuesday, November 15",
,BKN,LAL,11:30 pm,,"Tuesday, November 15",
"Wednesday, November 16",WAS,PHI,8:00 pm,,"Wednesday, November 16",
,NOP,ORL,8:00 pm,,"Wednesday, November 16",
,CLE,IND,8:00 pm,,"Wednesday, November 16",
,DAL,BOS,8:30 pm,,"Wednesday, November 16",
,DET,NYK,8:30 pm,,"Wednesday, November 16",
,MIL,ATL,8:30 pm,,"Wednesday, November 16",
,HOU,OKC,9:00 pm,,"Wednesday, November 16",
,GSW,TOR,9:00 pm,ESPN,"Wednesday, November 16",
,PHO,DEN,10:00 pm,,"Wednesday, November 16",
,MEM,LAC,11:30 pm,ESPN,"Wednesday, November 16",
,SAS,SAC,11:30 pm,,"Wednesday, November 16",
"Thursday, November 17",NYK,WAS,8:00 pm,,"Thursday, November 17",
,MIL,MIA,8:30 pm,,"Thursday, November 17",
,POR,HOU,9:00 pm,,"Thursday, November 17",
,PHI,MIN,9:00 pm,,"Thursday, November 17",
,CHI,UTA,11:30 pm,,"Thursday, November 17",
"Friday, November 18",ATL,CHA,8:00 pm,,"Friday, November 18",
,PHO,IND,8:00 pm,,"Friday, November 18",
,DET,CLE,8:30 pm,,"Friday, November 18",
,POR,NOP,9:00 pm,,"Friday, November 18",
,BKN,OKC,9:00 pm,,"Friday, November 18",
,GSW,BOS,9:00 pm,ESPN,"Friday, November 18",
,MEM,DAL,9:30 pm,,"Friday, November 18",
,TOR,DEN,10:00 pm,,"Friday, November 18",
,SAS,LAL,11:30 pm,,"Friday, November 18",
,LAC,SAC,11:30 pm,ESPN,"Friday, November 18",
"Saturday, November 19",UTA,HOU,6:00 pm,,"Saturday, November 19",
,CHA,NOP,8:00 pm,,"Saturday, November 19",
,MIA,WAS,8:00 pm,,"Saturday, November 19",
,DAL,ORL,8:00 pm,,"Saturday, November 19",
,BOS,DET,8:00 pm,,"Saturday, November 19",
,PHO,PHI,8:30 pm,,"Saturday, November 19",
,MIN,MEM,9:00 pm,NBATV,"Saturday, November 19",
,GSW,MIL,9:30 pm,,"Saturday, November 19",
,CHI,LAC,11:30 pm,NBATV,"Saturday, November 19",
"Sunday, November 20",ATL,NYK,2:00 pm,,"Sunday, November 20",
,POR,BKN,4:30 pm,,"Sunday, November 20",
,IND,OKC,8:00 pm,,"Sunday, November 20",
,TOR,SAC,10:00 pm,,"Sunday, November 20",
,UTA,DEN,10:00 pm,,"Sunday, November 20",
,CHI,LAL,10:30 pm,,"Sunday, November 20",
"Monday, November 21",MIA,PHI,8:00 pm,,"Monday, November 21",
,PHO,WAS,8:00 pm,,"Monday, November 21",
,MEM,CHA,8:00 pm,,"Monday, November 21",
,GSW,IND,8:00 pm,,"Monday, November 21",
,HOU,DET,8:30 pm,,"Monday, November 21",
,ORL,MIL,9:00 pm,,"Monday, November 21",
,BOS,MIN,9:00 pm,,"Monday, November 21",
,DAL,SAS,9:30 pm,NBATV,"Monday, November 21",
,TOR,LAC,11:30 pm,,"Monday, November 21",
"Tuesday, November 22",POR,NYK,8:30 pm,,"Tuesday, November 22",
,NOP,ATL,8:30 pm,NBATV,"Tuesday, November 22",
,CHI,DEN,10:00 pm,,"Tuesday, November 22",
,OKC,LAL,11:30 pm,NBATV,"Tuesday, November 22",
"Wednesday, November 23",MEM,PHI,8:00 pm,,"Wednesday, November 23",
,SAS,CHA,8:00 pm,ESPN,"Wednesday, November 23",
,PHO,ORL,8:00 pm,,"Wednesday, November 23",
,POR,CLE,8:00 pm,,"Wednesday, November 23",
,ATL,IND,8:00 pm,,"Wednesday, November 23",
,BOS,BKN,8:30 pm,,"Wednesday, November 23",
,MIA,DET,8:30 pm,,"Wednesday, November 23",
,TOR,HOU,9:00 pm,,"Wednesday, November 23",
,LAC,DAL,9:30 pm,,"Wednesday, November 23",
,DEN,UTA,10:00 pm,,"Wednesday, November 23",
,MIN,NOP,10:30 pm,ESPN,"Wednesday, November 23",
,LAL,GSW,11:30 pm,,"Wednesday, November 23",
,OKC,SAC,11:30 pm,,"Wednesday, November 23",
"Friday, November 25",SAS,BOS,2:00 pm,,"Friday, November 25",
,WAS,ORL,8:00 pm,,"Friday, November 25",
,DAL,CLE,8:30 pm,,"Friday, November 25",
,CHA,NYK,8:30 pm,NBATV,"Friday, November 25",
,CHI,PHI,8:30 pm,,"Friday, November 25",
,LAC,DET,8:30 pm,,"Friday, November 25",
,ATL,UTA,9:00 pm,,"Friday, November 25",
,TOR,MIL,9:00 pm,,"Friday, November 25",
,MIA,MEM,9:00 pm,,"Friday, November 25",
,BKN,IND,9:00 pm,,"Friday, November 25",
,OKC,DEN,10:00 pm,,"Friday, November 25",
,MIN,PHO,10:00 pm,,"Friday, November 25",
,NOP,POR,11:00 pm,,"Friday, November 25",
,GSW,LAL,11:30 pm,NBATV,"Friday, November 25",
,HOU,SAC,11:30 pm,,"Friday, November 25",
"Saturday, November 26",SAS,WAS,8:00 pm,NBATV,"Saturday, November 26",
,NYK,CHA,8:00 pm,,"Saturday, November 26",
,DET,OKC,9:00 pm,,"Saturday, November 26",
,MEM,MIA,9:00 pm,,"Saturday, November 26",
,MIN,GSW,11:30 pm,,"Saturday, November 26",
"Sunday, November 27",CLE,PHI,2:00 pm,,"Sunday, November 27",
,DEN,PHO,4:30 pm,,"Sunday, November 27",
,SAC,BKN,7:00 pm,,"Sunday, November 27",
,MIL,ORL,7:00 pm,,"Sunday, November 27",
,LAC,IND,7:00 pm,,"Sunday, November 27",
,NOP,DAL,8:00 pm,,"Sunday, November 27",
,HOU,POR,10:00 pm,,"Sunday, November 27",
,ATL,LAL,10:30 pm,,"Sunday, November 27",
"Monday, November 28",SAC,WAS,8:00 pm,,"Monday, November 28",
,PHI,TOR,8:30 pm,,"Monday, November 28",
,OKC,NYK,8:30 pm,,"Monday, November 28",
,BOS,MIA,8:30 pm,NBATV,"Monday, November 28",
,CHA,MEM,9:00 pm,,"Monday, November 28",
,UTA,MIN,9:00 pm,,"Monday, November 28",
,ATL,GSW,11:30 pm,,"Monday, November 28",
"Tuesday, November 29",DET,CHA,8:00 pm,,"Tuesday, November 29",
,LAC,BKN,8:30 pm,,"Tuesday, November 29",
,CLE,MIL,9:00 pm,,"Tuesday, November 29",
,LAL,NOP,9:00 pm,,"Tuesday, November 29",
,ORL,SAS,9:30 pm,,"Tuesday, November 29",
,HOU,UTA,10:00 pm,NBATV,"Tuesday, November 29",
"Wednesday, November 30",SAC,PHI,8:00 pm,,"Wednesday, November 30",
,DET,BOS,8:30 pm,NBATV,"Wednesday, November 30",
,MEM,TOR,8:30 pm,,"Wednesday, November 30",
,LAL,CHI,9:00 pm,,"Wednesday, November 30",
,WAS,OKC,9:00 pm,,"Wednesday, November 30",
,NYK,MIN,9:00 pm,,"Wednesday, November 30",
,SAS,DAL,9:30 pm,,"Wednesday, November 30",
,MIA,DEN,10:00 pm,,"Wednesday, November 30",
,ATL,PHO,10:00 pm,,"Wednesday, November 30",
,IND,POR,11:00 pm,NBATV,"Wednesday, November 30",
"Thursday, December 1",DAL,CHA,8:00 pm,,"Thursday, December 1",
,MIL,BKN,8:30 pm,,"Thursday, December 1",
,ORL,MEM,9:00 pm,,"Thursday, December 1",
,LAC,CLE,9:00 pm,,"Thursday, December 1",
,MIA,UTA,10:00 pm,,"Thursday, December 1",
,HOU,GSW,11:30 pm,TNT,"Thursday, December 1",
"Friday, December 2",ORL,PHI,8:00 pm,,"Friday, December 2",
,SAC,BOS,8:30 pm,,"Friday, December 2",
,LAL,TOR,8:30 pm,,"Friday, December 2",
,MIN,NYK,8:30 pm,,"Friday, December 2",
,CLE,CHI,9:00 pm,ESPN,"Friday, December 2",
,LAC,NOP,9:00 pm,,"Friday, December 2",
,DET,ATL,9:00 pm,,"Friday, December 2",
,WAS,SAS,9:30 pm,,"Friday, December 2",
,HOU,DEN,11:30 pm,ESPN,"Friday, December 2",
"Saturday, December 3",BKN,MIL,6:00 pm,,"Saturday, December 3",
,MIN,CHA,8:00 pm,,"Saturday, December 3",
,ATL,TOR,8:30 pm,,"Saturday, December 3",
,BOS,PHI,8:30 pm,,"Saturday, December 3",
,LAL,MEM,9:00 pm,,"Saturday, December 3",
,CHI,DAL,9:30 pm,,"Saturday, December 3",
,DEN,UTA,10:00 pm,NBATV,"Saturday, December 3",
,MIA,POR,11:00 pm,,"Saturday, December 3",
,PHO,GSW,11:30 pm,,"Saturday, December 3",
"Sunday, December 4",ORL,DET,7:00 pm,,"Sunday, December 4",
,NOP,OKC,8:00 pm,,"Sunday, December 4",
,SAC,NYK,8:30 pm,,"Sunday, December 4",
,IND,LAC,10:30 pm,,"Sunday, December 4",
"Monday, December 5",DEN,PHI,8:00 pm,,"Monday, December 5",
,CLE,TOR,8:30 pm,,"Monday, December 5",
,WAS,BKN,8:30 pm,,"Monday, December 5",
,OKC,ATL,8:30 pm,,"Monday, December 5",
,POR,CHI,9:00 pm,,"Monday, December 5",
,SAS,MIL,9:00 pm,,"Monday, December 5",
,MEM,NOP,9:00 pm,,"Monday, December 5",
,BOS,HOU,9:00 pm,NBATV,"Monday, December 5",
,CHA,DAL,9:30 pm,,"Monday, December 5",
,UTA,LAL,11:30 pm,,"Monday, December 5",
,IND,GSW,11:30 pm,,"Monday, December 5",
"Tuesday, December 6",ORL,WAS,8:00 pm,,"Tuesday, December 6",
,NYK,MIA,8:30 pm,,"Tuesday, December 6",
,CHI,DET,8:30 pm,,"Tuesday, December 6",
,PHI,MEM,9:00 pm,,"Tuesday, December 6",
,SAS,MIN,9:00 pm,NBATV,"Tuesday, December 6",
,PHO,UTA,10:00 pm,,"Tuesday, December 6",
"Wednesday, December 7",DET,CHA,8:00 pm,,"Wednesday, December 7",
,BOS,ORL,8:00 pm,,"Wednesday, December 7",
,DEN,BKN,8:30 pm,,"Wednesday, December 7",
,MIA,ATL,8:30 pm,,"Wednesday, December 7",
,POR,MIL,9:00 pm,,"Wednesday, December 7",
,LAL,HOU,9:00 pm,,"Wednesday, December 7",
,CLE,NYK,9:00 pm,ESPN,"Wednesday, December 7",
,SAC,DAL,9:30 pm,,"Wednesday, December 7",
,IND,PHO,10:00 pm,,"Wednesday, December 7",
,GSW,LAC,11:30 pm,ESPN,"Wednesday, December 7",
"Thursday, December 8",MIN,TOR,8:00 pm,,"Thursday, December 8",
,DEN,WAS,8:00 pm,,"Thursday, December 8",
,POR,MEM,9:00 pm,,"Thursday, December 8",
,PHI,NOP,9:00 pm,,"Thursday, December 8",
,GSW,UTA,10:00 pm,,"Thursday, December 8",
,SAS,CHI,10:30 pm,,"Thursday, December 8",
"Friday, December 9",ORL,CHA,8:00 pm,,"Friday, December 9",
,MIA,CLE,8:30 pm,,"Friday, December 9",
,TOR,BOS,8:30 pm,,"Friday, December 9",
,ATL,MIL,9:00 pm,,"Friday, December 9",
,HOU,OKC,9:00 pm,ESPN,"Friday, December 9",
,DET,MIN,9:00 pm,,"Friday, December 9",
,IND,DAL,9:30 pm,,"Friday, December 9",
,PHO,LAL,11:30 pm,ESPN,"Friday, December 9",
,NYK,SAC,11:30 pm,,"Friday, December 9",
"Saturday, December 10",MIL,WAS,8:00 pm,,"Saturday, December 10",
,DEN,ORL,8:00 pm,,"Saturday, December 10",
,POR,IND,8:00 pm,,"Saturday, December 10",
,CHA,CLE,8:30 pm,,"Saturday, December 10",
,MIA,CHI,9:00 pm,NBATV,"Saturday, December 10",
,GSW,MEM,9:00 pm,,"Saturday, December 10",
,DAL,HOU,9:00 pm,,"Saturday, December 10",
,BKN,SAS,9:30 pm,,"Saturday, December 10",
,SAC,UTA,10:00 pm,,"Saturday, December 10",
,NOP,LAC,11:30 pm,NBATV,"Saturday, December 10",
"Sunday, December 11",PHI,DET,7:00 pm,,"Sunday, December 11",
,BOS,OKC,8:00 pm,,"Sunday, December 11",
,GSW,MIN,8:00 pm,,"Sunday, December 11",
,NOP,PHO,9:30 pm,,"Sunday, December 11",
,NYK,LAL,10:30 pm,,"Sunday, December 11",
"Monday, December 12",CHA,IND,8:00 pm,,"Monday, December 12",
,MIL,TOR,8:30 pm,,"Monday, December 12",
,WAS,MIA,8:30 pm,NBATV,"Monday, December 12",
,BKN,HOU,9:00 pm,,"Monday, December 12",
,DEN,DAL,9:30 pm,,"Monday, December 12",
,POR,LAC,11:30 pm,NBATV,"Monday, December 12",
,LAL,SAC,11:30 pm,,"Monday, December 12",
"Tuesday, December 13",MEM,CLE,8:00 pm,,"Tuesday, December 13",
,ORL,ATL,8:30 pm,,"Tuesday, December 13",
,MIN,CHI,9:00 pm,ESPN,"Tuesday, December 13",
,GSW,NOP,9:00 pm,,"Tuesday, December 13",
,NYK,PHO,10:00 pm,,"Tuesday, December 13",
,OKC,POR,11:30 pm,ESPN,"Tuesday, December 13",
"Wednesday, December 14",TOR,PHI,8:00 pm,,"Wednesday, December 14",
,CHA,WAS,8:00 pm,,"Wednesday, December 14",
,LAC,ORL,8:00 pm,,"Wednesday, December 14",
,IND,MIA,8:00 pm,ESPN,"Wednesday, December 14",
,LAL,BKN,8:30 pm,,"Wednesday, December 14",
,CLE,MEM,9:00 pm,,"Wednesday, December 14",
,SAC,HOU,9:00 pm,,"Wednesday, December 14",
,DET,DAL,9:30 pm,,"Wednesday, December 14",
,OKC,UTA,10:00 pm,,"Wednesday, December 14",
,BOS,SAS,10:30 pm,ESPN,"Wednesday, December 14",
"Thursday, December 15",CHI,MIL,9:00 pm,,"Thursday, December 15",
,IND,NOP,9:00 pm,,"Thursday, December 15",
,POR,DEN,10:00 pm,,"Thursday, December 15",
,SAS,PHO,10:00 pm,,"Thursday, December 15",
,NYK,GSW,11:30 pm,TNT,"Thursday, December 15",
"Friday, December 16",DET,WAS,8:00 pm,,"Friday, December 16",
,BKN,ORL,8:00 pm,,"Friday, December 16",
,CHA,BOS,8:30 pm,,"Friday, December 16",
,ATL,TOR,8:30 pm,,"Friday, December 16",
,MIL,CHI,9:00 pm,,"Friday, December 16",
,SAC,MEM,9:00 pm,,"Friday, December 16",
,NOP,HOU,9:00 pm,,"Friday, December 16",
,LAL,PHI,9:00 pm,ESPN,"Friday, December 16",
,LAC,MIA,9:00 pm,,"Friday, December 16",
,DAL,UTA,11:30 pm,ESPN,"Friday, December 16",
"Saturday, December 17",PHO,OKC,6:00 pm,,"Saturday, December 17",
,IND,DET,8:00 pm,,"Saturday, December 17",
,CHA,ATL,8:30 pm,,"Saturday, December 17",
,LAL,CLE,8:30 pm,,"Saturday, December 17",
,HOU,MIN,9:00 pm,,"Saturday, December 17",
,NYK,DEN,10:00 pm,,"Saturday, December 17",
,POR,GSW,11:30 pm,,"Saturday, December 17",
"Sunday, December 18",LAC,WAS,4:30 pm,,"Sunday, December 18",
,UTA,MEM,7:00 pm,,"Sunday, December 18",
,BKN,PHI,7:00 pm,,"Sunday, December 18",
,TOR,ORL,7:00 pm,,"Sunday, December 18",
,BOS,MIA,7:00 pm,,"Sunday, December 18",
,SAC,DAL,8:00 pm,NBATV,"Sunday, December 18",
,NOP,SAS,8:00 pm,,"Sunday, December 18",
"Monday, December 19",WAS,IND,8:00 pm,,"Monday, December 19",
,DET,CHI,9:00 pm,,"Monday, December 19",
,ATL,OKC,9:00 pm,,"Monday, December 19",
,PHO,MIN,9:00 pm,NBATV,"Monday, December 19",
,DAL,DEN,10:00 pm,,"Monday, December 19",
"Tuesday, December 20",NOP,PHI,8:00 pm,,"Tuesday, December 20",
,LAL,CHA,8:00 pm,,"Tuesday, December 20",
,BKN,TOR,8:30 pm,,"Tuesday, December 20",
,IND,NYK,8:30 pm,,"Tuesday, December 20",
,ORL,MIA,8:30 pm,,"Tuesday, December 20",
,CLE,MIL,9:00 pm,,"Tuesday, December 20",
,BOS,MEM,9:00 pm,,"Tuesday, December 20",
,SAS,HOU,9:00 pm,NBATV,"Tuesday, December 20",
,DEN,LAC,11:30 pm,,"Tuesday, December 20",
,UTA,GSW,11:30 pm,NBATV,"Tuesday, December 20",
,POR,SAC,11:30 pm,,"Tuesday, December 20",
"Wednesday, December 21",MIL,CLE,8:00 pm,NBATV,"Wednesday, December 21",
,MIN,ATL,8:30 pm,,"Wednesday, December 21",
,MEM,DET,8:30 pm,,"Wednesday, December 21",
,WAS,CHI,9:00 pm,,"Wednesday, December 21",
,OKC,NOP,9:00 pm,,"Wednesday, December 21",
,SAC,UTA,10:00 pm,,"Wednesday, December 21",
,HOU,PHO,10:00 pm,,"Wednesday, December 21",
,DAL,POR,11:00 pm,NBATV,"Wednesday, December 21",
"Thursday, December 22",GSW,BKN,8:30 pm,,"Thursday, December 22",
,ORL,NYK,8:30 pm,,"Thursday, December 22",
,LAL,MIA,8:30 pm,,"Thursday, December 22",
,BOS,IND,9:00 pm,TNT,"Thursday, December 22",
,SAS,LAC,11:30 pm,,"Thursday, December 22",
"Friday, December 23",CHI,CHA,8:00 pm,,"Friday, December 23",
,LAL,ORL,8:00 pm,,"Friday, December 23",
,BKN,CLE,8:30 pm,,"Friday, December 23",
,OKC,BOS,8:30 pm,NBATV,"Friday, December 23",
,GSW,DET,8:30 pm,,"Friday, December 23",
,WAS,MIL,9:00 pm,,"Friday, December 23",
,HOU,MEM,9:00 pm,,"Friday, December 23",
,MIA,NOP,9:00 pm,,"Friday, December 23",
,SAC,MIN,9:00 pm,,"Friday, December 23",
,ATL,DEN,10:00 pm,,"Friday, December 23",
,TOR,UTA,10:00 pm,,"Friday, December 23",
,PHI,PHO,10:00 pm,,"Friday, December 23",
,SAS,POR,11:00 pm,,"Friday, December 23",
,DAL,LAC,11:30 pm,NBATV,"Friday, December 23",
"Sunday, December 25",BOS,NYK,1:00 pm,ESPN,"Sunday, December 25",
,GSW,CLE,3:30 pm,ABC,"Sunday, December 25",
,CHI,SAS,6:00 pm,ABC,"Sunday, December 25",
,MIN,OKC,9:00 pm,ESPN,"Sunday, December 25",
,LAC,LAL,11:30 pm,ESPN,"Sunday, December 25",
"Monday, December 26",MIL,WAS,8:00 pm,,"Monday, December 26",
,MEM,ORL,8:00 pm,,"Monday, December 26",
,CHA,BKN,8:30 pm,,"Monday, December 26",
,CLE,DET,8:30 pm,,"Monday, December 26",
,IND,CHI,9:00 pm,NBATV,"Monday, December 26",
,DAL,NOP,9:00 pm,,"Monday, December 26",
,PHO,HOU,9:00 pm,,"Monday, December 26",
,ATL,MIN,9:00 pm,,"Monday, December 26",
,TOR,POR,11:00 pm,,"Monday, December 26",
,DEN,LAC,11:30 pm,NBATV,"Monday, December 26",
,PHI,SAC,11:30 pm,,"Monday, December 26",
"Tuesday, December 27",MEM,BOS,8:30 pm,,"Tuesday, December 27",
,OKC,MIA,8:30 pm,NBATV,"Tuesday, December 27",
,HOU,DAL,9:30 pm,,"Tuesday, December 27",
,UTA,LAL,11:30 pm,NBATV,"Tuesday, December 27",
"Wednesday, December 28",IND,WAS,8:00 pm,,"Wednesday, December 28",
,CHA,ORL,8:00 pm,,"Wednesday, December 28",
,NYK,ATL,8:30 pm,,"Wednesday, December 28",
,MIL,DET,8:30 pm,,"Wednesday, December 28",
,BKN,CHI,9:00 pm,,"Wednesday, December 28",
,LAC,NOP,9:00 pm,NBATV,"Wednesday, December 28",
,PHO,SAS,9:30 pm,,"Wednesday, December 28",
,MIN,DEN,10:00 pm,,"Wednesday, December 28",
,SAC,POR,11:00 pm,,"Wednesday, December 28",
,TOR,GSW,11:30 pm,NBATV,"Wednesday, December 28",
"Thursday, December 29",MIA,CHA,8:00 pm,,"Thursday, December 29",
,OKC,MEM,9:00 pm,,"Thursday, December 29",
,BOS,CLE,9:00 pm,TNT,"Thursday, December 29",
,PHI,UTA,10:00 pm,,"Thursday, December 29",
,TOR,PHO,10:00 pm,,"Thursday, December 29",
,DAL,LAL,11:30 pm,TNT,"Thursday, December 29",
"Friday, December 30",CHI,IND,5:00 pm,,"Friday, December 30",
,BKN,WAS,8:00 pm,,"Friday, December 30",
,MIA,BOS,8:30 pm,,"Friday, December 30",
,NYK,NOP,9:00 pm,,"Friday, December 30",
,LAC,HOU,9:00 pm,,"Friday, December 30",
,MIL,MIN,9:00 pm,NBATV,"Friday, December 30",
,DET,ATL,9:00 pm,,"Friday, December 30",
,POR,SAS,9:30 pm,,"Friday, December 30",
,PHI,DEN,10:00 pm,,"Friday, December 30",
,DAL,GSW,11:30 pm,,"Friday, December 30",
"Saturday, December 31",MEM,SAC,6:00 pm,,"Saturday, December 31",
,MIL,CHI,8:00 pm,NBATV,"Saturday, December 31",
,CLE,CHA,8:00 pm,,"Saturday, December 31",
,NYK,HOU,9:00 pm,,"Saturday, December 31",
,PHO,UTA,9:00 pm,,"Saturday, December 31",
,LAC,OKC,9:00 pm,,"Saturday, December 31",
"Sunday, January 1",SAS,ATL,7:00 pm,NBATV,"Sunday, January 1",
,DET,MIA,7:00 pm,,"Sunday, January 1",
,ORL,IND,7:00 pm,,"Sunday, January 1",
,POR,MIN,8:00 pm,,"Sunday, January 1",
,TOR,LAL,10:30 pm,,"Sunday, January 1",
"Monday, January 2",OKC,MIL,8:00 pm,,"Monday, January 2",
,NOP,CLE,8:00 pm,,"Monday, January 2",
,UTA,BKN,8:30 pm,,"Monday, January 2",
,ORL,NYK,8:30 pm,,"Monday, January 2",
,CHA,CHI,9:00 pm,NBATV,"Monday, January 2",
,WAS,HOU,9:00 pm,,"Monday, January 2",
,PHO,LAC,11:30 pm,,"Monday, January 2",
,DEN,GSW,11:30 pm,,"Monday, January 2",
"Tuesday, January 3",MIN,PHI,8:00 pm,,"Tuesday, January 3",
,UTA,BOS,8:30 pm,NBATV,"Tuesday, January 3",
,IND,DET,8:30 pm,,"Tuesday, January 3",
,WAS,DAL,9:30 pm,,"Tuesday, January 3",
,TOR,SAS,9:30 pm,,"Tuesday, January 3",
,SAC,DEN,10:00 pm,,"Tuesday, January 3",
,MIA,PHO,10:00 pm,,"Tuesday, January 3",
,MEM,LAL,11:30 pm,NBATV,"Tuesday, January 3",
"Wednesday, January 4",OKC,CHA,8:00 pm,,"Wednesday, January 4",
,ATL,ORL,8:00 pm,,"Wednesday, January 4",
,MIL,NYK,8:30 pm,,"Wednesday, January 4",
,CHI,CLE,9:00 pm,ESPN,"Wednesday, January 4",
,MEM,LAC,11:30 pm,,"Wednesday, January 4",
,POR,GSW,11:30 pm,ESPN,"Wednesday, January 4",
,MIA,SAC,11:30 pm,,"Wednesday, January 4",
"Thursday, January 5",BKN,IND,8:00 pm,,"Thursday, January 5",
,UTA,TOR,8:30 pm,,"Thursday, January 5",
,CHA,DET,8:30 pm,,"Thursday, January 5",
,ATL,NOP,9:00 pm,,"Thursday, January 5",
,OKC,HOU,9:00 pm,TNT,"Thursday, January 5",
,PHO,DAL,9:30 pm,,"Thursday, January 5",
,LAL,POR,11:00 pm,,"Thursday, January 5",
,SAS,DEN,11:30 pm,TNT,"Thursday, January 5",
"Friday, January 6",MIN,WAS,8:00 pm,,"Friday, January 6",
,HOU,ORL,8:00 pm,,"Friday, January 6",
,PHI,BOS,8:30 pm,,"Friday, January 6",
,CLE,BKN,8:30 pm,,"Friday, January 6",
,NYK,MIL,9:00 pm,ESPN,"Friday, January 6",
,MIA,LAL,11:30 pm,,"Friday, January 6",
,MEM,GSW,11:30 pm,ESPN,"Friday, January 6",
,LAC,SAC,11:30 pm,,"Friday, January 6",
"Saturday, January 7",NYK,IND,8:00 pm,,"Saturday, January 7",
,NOP,BOS,8:30 pm,,"Saturday, January 7",
,TOR,CHI,9:00 pm,,"Saturday, January 7",
,DEN,OKC,9:00 pm,,"Saturday, January 7",
,UTA,MIN,9:00 pm,,"Saturday, January 7",
,ATL,DAL,9:30 pm,,"Saturday, January 7",
,CHA,SAS,9:30 pm,,"Saturday, January 7",
,DET,POR,11:00 pm,,"Saturday, January 7",
"Sunday, January 8",PHI,BKN,1:00 pm,,"Sunday, January 8",
,MIA,LAC,4:30 pm,,"Sunday, January 8",
,WAS,MIL,4:30 pm,,"Sunday, January 8",
,HOU,TOR,7:00 pm,,"Sunday, January 8",
,UTA,MEM,9:00 pm,NBATV,"Sunday, January 8",
,CLE,PHO,9:30 pm,,"Sunday, January 8",
,GSW,SAC,10:00 pm,,"Sunday, January 8",
,ORL,LAL,10:30 pm,,"Sunday, January 8",
"Monday, January 9",NOP,NYK,8:30 pm,,"Monday, January 9",
,OKC,CHI,9:00 pm,,"Monday, January 9",
,DAL,MIN,9:00 pm,,"Monday, January 9",
"Tuesday, January 10",CHI,WAS,8:00 pm,,"Tuesday, January 10",
,BOS,TOR,8:30 pm,NBATV,"Tuesday, January 10",
,ATL,BKN,8:30 pm,,"Tuesday, January 10",
,CHA,HOU,9:00 pm,,"Tuesday, January 10",
,MIL,SAS,9:30 pm,,"Tuesday, January 10",
,CLE,UTA,10:00 pm,,"Tuesday, January 10",
,POR,LAL,11:30 pm,,"Tuesday, January 10",
,MIA,GSW,11:30 pm,NBATV,"Tuesday, January 10",
,DET,SAC,11:30 pm,,"Tuesday, January 10",
"Wednesday, January 11",NYK,PHI,8:00 pm,,"Wednesday, January 11",
,MEM,OKC,9:00 pm,,"Wednesday, January 11",
,HOU,MIN,9:00 pm,,"Wednesday, January 11",
,WAS,BOS,9:00 pm,ESPN,"Wednesday, January 11",
,ORL,LAC,11:30 pm,,"Wednesday, January 11",
,CLE,POR,11:30 pm,ESPN,"Wednesday, January 11",
"Thursday, January 12",IND,DEN,4:00 pm,NBATV,"Thursday, January 12",
,NOP,BKN,8:30 pm,,"Thursday, January 12",
,CHI,NYK,9:00 pm,,"Thursday, January 12",
,LAL,SAS,9:30 pm,,"Thursday, January 12",
,DAL,PHO,11:00 pm,,"Thursday, January 12",
,DET,GSW,11:30 pm,TNT,"Thursday, January 12",
"Friday, January 13",CHA,PHI,8:00 pm,,"Friday, January 13",
,BKN,TOR,8:30 pm,,"Friday, January 13",
,MIA,MIL,9:00 pm,,"Friday, January 13",
,MEM,HOU,9:00 pm,,"Friday, January 13",
,OKC,MIN,9:00 pm,,"Friday, January 13",
,BOS,ATL,9:00 pm,ESPN,"Friday, January 13",
,ORL,POR,11:00 pm,,"Friday, January 13",
,CLE,SAC,11:30 pm,,"Friday, January 13",
,DET,UTA,11:30 pm,ESPN,"Friday, January 13",
"Saturday, January 14",LAL,LAC,4:30 pm,,"Saturday, January 14",
,NOP,CHI,6:00 pm,,"Saturday, January 14",
,SAS,PHO,7:00 pm,,"Saturday, January 14",
,PHI,WAS,9:00 pm,,"Saturday, January 14",
,ORL,UTA,10:00 pm,,"Saturday, January 14",
"Sunday, January 15",NYK,TOR,4:00 pm,,"Sunday, January 15",
,MIL,ATL,4:00 pm,,"Sunday, January 15",
,MIN,DAL,5:00 pm,,"Sunday, January 15",
,HOU,BKN,7:00 pm,,"Sunday, January 15",
,OKC,SAC,10:00 pm,,"Sunday, January 15",
,CHI,MEM,10:00 pm,ESPN,"Sunday, January 15",
,DET,LAL,10:30 pm,,"Sunday, January 15",
"Monday, January 16",ATL,NYK,2:00 pm,NBATV,"Monday, January 16",
,POR,WAS,3:00 pm,,"Monday, January 16",
,PHI,MIL,4:30 pm,,"Monday, January 16",
,NOP,IND,5:00 pm,NBATV,"Monday, January 16",
,ORL,DEN,6:00 pm,,"Monday, January 16",
,CHA,BOS,8:30 pm,,"Monday, January 16",
,CLE,GSW,9:00 pm,TNT,"Monday, January 16",
,UTA,PHO,10:00 pm,,"Monday, January 16",
,OKC,LAC,11:30 pm,TNT,"Monday, January 16",
"Tuesday, January 17",TOR,BKN,8:30 pm,,"Tuesday, January 17",
,HOU,MIA,8:30 pm,NBATV,"Tuesday, January 17",
,DAL,CHI,9:00 pm,,"Tuesday, January 17",
,MIN,SAS,9:30 pm,,"Tuesday, January 17",
,DEN,LAL,11:30 pm,NBATV,"Tuesday, January 17",
"Wednesday, January 18",TOR,PHI,8:00 pm,,"Wednesday, January 18",
,MEM,WAS,8:00 pm,,"Wednesday, January 18",
,POR,CHA,8:00 pm,,"Wednesday, January 18",
,NYK,BOS,8:30 pm,,"Wednesday, January 18",
,ORL,NOP,9:00 pm,,"Wednesday, January 18",
,MIL,HOU,9:00 pm,,"Wednesday, January 18",
,ATL,DET,9:00 pm,ESPN,"Wednesday, January 18",
,OKC,GSW,11:30 pm,ESPN,"Wednesday, January 18",
,IND,SAC,11:30 pm,,"Wednesday, January 18",
"Thursday, January 19",PHO,CLE,8:00 pm,,"Thursday, January 19",
,DAL,MIA,8:30 pm,,"Thursday, January 19",
,WAS,NYK,9:00 pm,,"Thursday, January 19",
,DEN,SAS,9:30 pm,,"Thursday, January 19",
,MIN,LAC,11:30 pm,,"Thursday, January 19",
"Friday, January 20",POR,PHI,8:00 pm,,"Friday, January 20",
,TOR,CHA,8:00 pm,,"Friday, January 20",
,MIL,ORL,8:00 pm,,"Friday, January 20",
,SAC,MEM,9:00 pm,,"Friday, January 20",
,BKN,NOP,9:00 pm,,"Friday, January 20",
,GSW,HOU,9:00 pm,ESPN,"Friday, January 20",
,CHI,ATL,9:00 pm,,"Friday, January 20",
,UTA,DAL,9:30 pm,,"Friday, January 20",
,IND,LAL,11:30 pm,ESPN,"Friday, January 20",
"Saturday, January 21",POR,BOS,6:00 pm,,"Saturday, January 21",
,WAS,DET,7:00 pm,,"Saturday, January 21",
,BKN,CHA,8:00 pm,,"Saturday, January 21",
,PHI,ATL,8:00 pm,,"Saturday, January 21",
,PHO,NYK,8:30 pm,,"Saturday, January 21",
,MIL,MIA,8:30 pm,,"Saturday, January 21",
,HOU,MEM,9:00 pm,,"Saturday, January 21",
,SAS,CLE,9:30 pm,ABC,"Saturday, January 21",
,LAC,DEN,10:00 pm,,"Saturday, January 21",
,IND,UTA,10:00 pm,,"Saturday, January 21",
,SAC,CHI,10:00 pm,,"Saturday, January 21",
"Sunday, January 22",GSW,ORL,1:00 pm,,"Sunday, January 22",
,LAL,DAL,4:30 pm,,"Sunday, January 22",
,PHO,TOR,7:00 pm,,"Sunday, January 22",
,DEN,MIN,8:00 pm,,"Sunday, January 22",
"Monday, January 23",WAS,CHA,8:00 pm,,"Monday, January 23",
,SAS,BKN,8:30 pm,,"Monday, January 23",
,LAC,ATL,8:30 pm,,"Monday, January 23",
,GSW,MIA,8:30 pm,,"Monday, January 23",
,SAC,DET,8:30 pm,,"Monday, January 23",
,HOU,MIL,9:00 pm,,"Monday, January 23",
,CLE,NOP,9:00 pm,,"Monday, January 23",
,NYK,IND,9:00 pm,,"Monday, January 23",
,OKC,UTA,10:00 pm,,"Monday, January 23",
"Tuesday, January 24",SAS,TOR,8:00 pm,NBATV,"Tuesday, January 24",
,LAC,PHI,8:00 pm,,"Tuesday, January 24",
,BOS,WAS,8:00 pm,,"Tuesday, January 24",
,CHI,ORL,8:00 pm,,"Tuesday, January 24",
,UTA,DEN,10:00 pm,,"Tuesday, January 24",
,MIN,PHO,10:00 pm,,"Tuesday, January 24",
"Wednesday, January 25",SAC,CLE,8:00 pm,,"Wednesday, January 25",
,HOU,BOS,8:30 pm,,"Wednesday, January 25",
,MIA,BKN,8:30 pm,,"Wednesday, January 25",
,ATL,CHI,9:00 pm,,"Wednesday, January 25",
,PHI,MIL,9:00 pm,,"Wednesday, January 25",
,TOR,MEM,9:00 pm,,"Wednesday, January 25",
,OKC,NOP,9:00 pm,,"Wednesday, January 25",
,GSW,CHA,9:00 pm,ESPN,"Wednesday, January 25",
,NYK,DAL,9:30 pm,,"Wednesday, January 25",
,LAL,POR,11:30 pm,ESPN,"Wednesday, January 25",
"Thursday, January 26",DAL,OKC,9:00 pm,TNT,"Thursday, January 26",
,IND,MIN,9:00 pm,,"Thursday, January 26",
,PHO,DEN,10:00 pm,,"Thursday, January 26",
,LAL,UTA,11:30 pm,TNT,"Thursday, January 26",
"Friday, January 27",HOU,PHI,8:00 pm,,"Friday, January 27",
,SAC,IND,8:00 pm,,"Friday, January 27",
,BKN,CLE,8:30 pm,,"Friday, January 27",
,ORL,BOS,8:30 pm,,"Friday, January 27",
,MIL,TOR,8:30 pm,,"Friday, January 27",
,CHA,NYK,8:30 pm,,"Friday, January 27",
,MIA,CHI,9:00 pm,ESPN,"Friday, January 27",
,SAS,NOP,9:00 pm,,"Friday, January 27",
,WAS,ATL,9:00 pm,,"Friday, January 27",
,MEM,POR,11:00 pm,,"Friday, January 27",
"Saturday, January 28",SAC,CHA,8:00 pm,,"Saturday, January 28",
,DET,MIA,8:30 pm,,"Saturday, January 28",
,BOS,MIL,9:00 pm,,"Saturday, January 28",
,LAC,GSW,9:30 pm,ABC,"Saturday, January 28",
,MEM,UTA,10:00 pm,,"Saturday, January 28",
,DEN,PHO,10:00 pm,,"Saturday, January 28",
,BKN,MIN,10:00 pm,,"Saturday, January 28",
"Sunday, January 29",NYK,ATL,4:00 pm,,"Sunday, January 29",
,OKC,CLE,4:30 pm,ABC,"Sunday, January 29",
,HOU,IND,7:00 pm,,"Sunday, January 29",
,WAS,NOP,7:00 pm,NBATV,"Sunday, January 29",
,ORL,TOR,7:00 pm,,"Sunday, January 29",
,PHI,CHI,8:00 pm,,"Sunday, January 29",
,DAL,SAS,8:00 pm,,"Sunday, January 29",
,GSW,POR,10:00 pm,NBATV,"Sunday, January 29",
"Monday, January 30",BKN,MIA,8:30 pm,,"Monday, January 30",
,ORL,MIN,9:00 pm,,"Monday, January 30",
,DET,BOS,9:00 pm,TNT,"Monday, January 30",
,CLE,DAL,9:30 pm,,"Monday, January 30",
,MEM,PHO,11:30 pm,,"Monday, January 30",
"Tuesday, January 31",NYK,WAS,8:00 pm,NBATV,"Tuesday, January 31",
,NOP,TOR,8:30 pm,,"Tuesday, January 31",
,SAC,HOU,9:00 pm,,"Tuesday, January 31",
,OKC,SAS,9:30 pm,,"Tuesday, January 31",
,CHA,POR,11:00 pm,NBATV,"Tuesday, January 31",
,DEN,LAL,11:30 pm,,"Tuesday, January 31",
"Wednesday, February 1",IND,ORL,8:00 pm,,"Wednesday, February 1",
,MIN,CLE,8:00 pm,ESPN,"Wednesday, February 1",
,TOR,BOS,8:30 pm,,"Wednesday, February 1",
,NYK,BKN,8:30 pm,,"Wednesday, February 1",
,ATL,MIA,8:30 pm,,"Wednesday, February 1",
,NOP,DET,8:30 pm,,"Wednesday, February 1",
,PHI,DAL,9:30 pm,,"Wednesday, February 1",
,MEM,DEN,10:00 pm,,"Wednesday, February 1",
,MIL,UTA,10:00 pm,,"Wednesday, February 1",
,LAC,PHO,10:00 pm,,"Wednesday, February 1",
,CHI,OKC,10:30 pm,ESPN,"Wednesday, February 1",
,CHA,GSW,11:30 pm,,"Wednesday, February 1",
"Thursday, February 2",LAL,WAS,8:00 pm,,"Thursday, February 2",
,ATL,HOU,9:00 pm,TNT,"Thursday, February 2",
,PHI,SAS,9:30 pm,,"Thursday, February 2",
,GSW,LAC,11:30 pm,TNT,"Thursday, February 2",
"Friday, February 3",TOR,ORL,8:00 pm,,"Friday, February 3",
,IND,BKN,8:30 pm,,"Friday, February 3",
,MIN,DET,8:30 pm,,"Friday, February 3",
,CHI,HOU,9:00 pm,,"Friday, February 3",
,MEM,OKC,9:00 pm,,"Friday, February 3",
,LAL,BOS,9:00 pm,ESPN,"Friday, February 3",
,MIL,DEN,10:00 pm,,"Friday, February 3",
,PHO,SAC,11:30 pm,,"Friday, February 3",
,DAL,POR,11:30 pm,ESPN,"Friday, February 3",
"Saturday, February 4",NOP,WAS,8:00 pm,,"Saturday, February 4",
,ORL,ATL,8:00 pm,,"Saturday, February 4",
,DET,IND,8:00 pm,,"Saturday, February 4",
,PHI,MIA,8:30 pm,,"Saturday, February 4",
,MIL,PHO,9:00 pm,,"Saturday, February 4",
,CLE,NYK,9:30 pm,ABC,"Saturday, February 4",
,CHA,UTA,10:00 pm,,"Saturday, February 4",
,DEN,SAS,10:00 pm,,"Saturday, February 4",
,MEM,MIN,10:00 pm,,"Saturday, February 4",
,GSW,SAC,11:30 pm,,"Saturday, February 4",
"Sunday, February 5",TOR,BKN,1:00 pm,,"Sunday, February 5",
,LAC,BOS,3:00 pm,ABC,"Sunday, February 5",
,POR,OKC,4:00 pm,,"Sunday, February 5",
"Monday, February 6",LAL,NYK,8:00 pm,TNT,"Monday, February 6",
,CLE,WAS,8:00 pm,,"Monday, February 6",
,OKC,IND,8:00 pm,,"Monday, February 6",
,LAC,TOR,8:30 pm,,"Monday, February 6",
,UTA,ATL,8:30 pm,,"Monday, February 6",
,PHI,DET,8:30 pm,,"Monday, February 6",
,PHO,NOP,9:00 pm,,"Monday, February 6",
,MIA,MIN,9:00 pm,,"Monday, February 6",
,DAL,DEN,10:00 pm,,"Monday, February 6",
,SAS,MEM,10:30 pm,,"Monday, February 6",
,CHI,SAC,11:30 pm,,"Monday, February 6",
"Tuesday, February 7",BKN,CHA,8:00 pm,,"Tuesday, February 7",
,ORL,HOU,9:00 pm,NBATV,"Tuesday, February 7",
,POR,DAL,9:30 pm,,"Tuesday, February 7",
"Wednesday, February 8",SAS,PHI,8:00 pm,,"Wednesday, February 8",
,CLE,IND,8:00 pm,,"Wednesday, February 8",
,WAS,BKN,8:30 pm,,"Wednesday, February 8",
,DEN,ATL,8:30 pm,,"Wednesday, February 8",
,LAL,DET,8:30 pm,,"Wednesday, February 8",
,MIA,MIL,9:00 pm,,"Wednesday, February 8",
,PHO,MEM,9:00 pm,,"Wednesday, February 8",
,UTA,NOP,9:00 pm,,"Wednesday, February 8",
,TOR,MIN,9:00 pm,,"Wednesday, February 8",
,LAC,NYK,9:00 pm,ESPN,"Wednesday, February 8",
,CHI,GSW,11:30 pm,ESPN,"Wednesday, February 8",
,BOS,SAC,11:30 pm,,"Wednesday, February 8",
"Thursday, February 9",HOU,CHA,8:00 pm,,"Thursday, February 9",
,PHI,ORL,8:00 pm,,"Thursday, February 9",
,CLE,OKC,9:00 pm,TNT,"Thursday, February 9",
,UTA,DAL,9:30 pm,,"Thursday, February 9",
,BOS,POR,11:30 pm,TNT,"Thursday, February 9",
"Friday, February 10",MIA,BKN,8:30 pm,,"Friday, February 10",
,DEN,NYK,8:30 pm,,"Friday, February 10",
,SAS,DET,8:30 pm,,"Friday, February 10",
,LAL,MIL,9:00 pm,,"Friday, February 10",
,GSW,MEM,9:00 pm,,"Friday, February 10",
,NOP,MIN,9:00 pm,,"Friday, February 10",
,IND,WAS,9:00 pm,ESPN,"Friday, February 10",
,CHI,PHO,10:30 pm,ESPN,"Friday, February 10",
,ATL,SAC,11:30 pm,,"Friday, February 10",
"Saturday, February 11",LAC,CHA,6:00 pm,,"Saturday, February 11",
,MIL,IND,8:00 pm,,"Saturday, February 11",
,MIA,PHI,8:30 pm,,"Saturday, February 11",
,DEN,CLE,8:30 pm,,"Saturday, February 11",
,GSW,OKC,9:30 pm,ABC,"Saturday, February 11",
,PHO,HOU,10:00 pm,,"Saturday, February 11",
,ORL,DAL,10:00 pm,,"Saturday, February 11",
,BOS,UTA,10:00 pm,,"Saturday, February 11",
"Sunday, February 12",CHI,MIN,4:30 pm,,"Sunday, February 12",
,SAS,NYK,4:30 pm,ABC,"Sunday, February 12",
,DET,TOR,7:00 pm,NBATV,"Sunday, February 12",
,NOP,SAC,10:00 pm,NBATV,"Sunday, February 12",
"Monday, February 13",OKC,WAS,8:00 pm,,"Monday, February 13",
,PHI,CHA,8:00 pm,,"Monday, February 13",
,MEM,BKN,8:30 pm,,"Monday, February 13",
,ORL,MIA,8:30 pm,,"Monday, February 13",
,DET,MIL,9:00 pm,,"Monday, February 13",
,SAS,IND,9:00 pm,,"Monday, February 13",
,BOS,DAL,9:30 pm,,"Monday, February 13",
,GSW,DEN,10:00 pm,,"Monday, February 13",
,LAC,UTA,10:00 pm,,"Monday, February 13",
,NOP,PHO,10:00 pm,,"Monday, February 13",
,ATL,POR,11:30 pm,TNT,"Monday, February 13",
"Tuesday, February 14",TOR,CHI,9:00 pm,,"Tuesday, February 14",
,CLE,MIN,9:00 pm,NBATV,"Tuesday, February 14",
,SAC,LAL,11:30 pm,NBATV,"Tuesday, February 14",
"Wednesday, February 15",SAS,ORL,8:00 pm,,"Wednesday, February 15",
,IND,CLE,8:00 pm,ESPN,"Wednesday, February 15",
,PHI,BOS,8:30 pm,,"Wednesday, February 15",
,CHA,TOR,8:30 pm,,"Wednesday, February 15",
,MIL,BKN,8:30 pm,,"Wednesday, February 15",
,DAL,DET,8:30 pm,,"Wednesday, February 15",
,NOP,MEM,9:00 pm,,"Wednesday, February 15",
,MIA,HOU,9:00 pm,,"Wednesday, February 15",
,MIN,DEN,10:00 pm,,"Wednesday, February 15",
,POR,UTA,10:00 pm,,"Wednesday, February 15",
,LAL,PHO,10:00 pm,,"Wednesday, February 15",
,NYK,OKC,10:30 pm,ESPN,"Wednesday, February 15",
,ATL,LAC,11:30 pm,,"Wednesday, February 15",
,SAC,GSW,11:30 pm,,"Wednesday, February 15",
"Thursday, February 16",WAS,IND,8:00 pm,,"Thursday, February 16",
,BOS,CHI,9:00 pm,TNT,"Thursday, February 16",
"Thursday, February 23",POR,ORL,8:00 pm,,"Thursday, February 23",
,CHA,DET,8:30 pm,,"Thursday, February 23",
,HOU,NOP,9:00 pm,,"Thursday, February 23",
,NYK,CLE,9:00 pm,,"Thursday, February 23",
,LAC,GSW,11:30 pm,TNT,"Thursday, February 23",
,DEN,SAC,11:30 pm,,"Thursday, February 23",
"Friday, February 24",WAS,PHI,8:00 pm,,"Friday, February 24",
,MEM,IND,8:00 pm,,"Friday, February 24",
,BOS,TOR,8:30 pm,,"Friday, February 24",
,PHO,CHI,9:00 pm,,"Friday, February 24",
,UTA,MIL,9:00 pm,,"Friday, February 24",
,LAL,OKC,9:00 pm,,"Friday, February 24",
,DAL,MIN,9:00 pm,ESPN,"Friday, February 24",
,MIA,ATL,9:00 pm,,"Friday, February 24",
,BKN,DEN,10:00 pm,,"Friday, February 24",
,SAS,LAC,11:30 pm,ESPN,"Friday, February 24",
"Saturday, February 25",CHA,SAC,6:00 pm,NBATV,"Saturday, February 25",
,ATL,ORL,8:00 pm,,"Saturday, February 25",
,PHI,NYK,8:30 pm,,"Saturday, February 25",
,IND,MIA,9:00 pm,,"Saturday, February 25",
,NOP,DAL,9:30 pm,,"Saturday, February 25",
,CHI,CLE,9:30 pm,ABC,"Saturday, February 25",
,MIN,HOU,10:00 pm,,"Saturday, February 25",
,BKN,GSW,11:30 pm,,"Saturday, February 25",
"Sunday, February 26",SAS,LAL,4:30 pm,,"Sunday, February 26",
,PHO,MIL,4:30 pm,NBATV,"Sunday, February 26",
,MEM,DEN,6:00 pm,,"Sunday, February 26",
,UTA,WAS,6:00 pm,,"Sunday, February 26",
,POR,TOR,7:00 pm,,"Sunday, February 26",
,BOS,DET,7:00 pm,,"Sunday, February 26",
,NOP,OKC,8:00 pm,NBATV,"Sunday, February 26",
,CHA,LAC,10:30 pm,NBATV,"Sunday, February 26",
"Monday, February 27",TOR,NYK,8:00 pm,,"Monday, February 27",
,GSW,PHI,8:00 pm,,"Monday, February 27",
,MIL,CLE,8:00 pm,,"Monday, February 27",
,ATL,BOS,8:30 pm,,"Monday, February 27",
,IND,HOU,9:00 pm,,"Monday, February 27",
,MIA,DAL,10:30 pm,,"Monday, February 27",
,MIN,SAC,11:30 pm,,"Monday, February 27",
"Tuesday, February 28",GSW,WAS,8:00 pm,NBATV,"Tuesday, February 28",
,POR,DET,8:30 pm,,"Tuesday, February 28",
,DEN,CHI,9:00 pm,,"Tuesday, February 28",
,PHO,MEM,9:00 pm,,"Tuesday, February 28",
,UTA,OKC,9:00 pm,,"Tuesday, February 28",
,CHA,LAL,11:30 pm,NBATV,"Tuesday, February 28",
"Wednesday, March 1",NYK,ORL,8:00 pm,,"Wednesday, March 1",
,WAS,TOR,8:30 pm,,"Wednesday, March 1",
,DAL,ATL,8:30 pm,,"Wednesday, March 1",
,PHI,MIA,8:30 pm,,"Wednesday, March 1",
,CLE,BOS,9:00 pm,ESPN,"Wednesday, March 1",
,DEN,MIL,10:00 pm,,"Wednesday, March 1",
,DET,NOP,10:00 pm,,"Wednesday, March 1",
,IND,SAS,10:30 pm,,"Wednesday, March 1",
,MIN,UTA,11:00 pm,,"Wednesday, March 1",
,HOU,LAC,11:30 pm,ESPN,"Wednesday, March 1",
,BKN,SAC,11:30 pm,,"Wednesday, March 1",
"Thursday, March 2",GSW,CHI,9:00 pm,TNT,"Thursday, March 2",
,CHA,PHO,10:00 pm,,"Thursday, March 2",
,OKC,POR,11:30 pm,TNT,"Thursday, March 2",
"Friday, March 3",NYK,PHI,8:00 pm,,"Friday, March 3",
,TOR,WAS,8:00 pm,,"Friday, March 3",
,MIA,ORL,8:00 pm,ESPN,"Friday, March 3",
,LAC,MIL,9:00 pm,,"Friday, March 3",
,CLE,ATL,9:00 pm,,"Friday, March 3",
,MEM,DAL,9:30 pm,,"Friday, March 3",
,BKN,UTA,10:00 pm,,"Friday, March 3",
,OKC,PHO,10:00 pm,,"Friday, March 3",
,SAS,NOP,10:30 pm,ESPN,"Friday, March 3",
,BOS,LAL,11:30 pm,,"Friday, March 3",
"Saturday, March 4",DET,PHI,7:00 pm,,"Saturday, March 4",
,TOR,MIL,9:00 pm,,"Saturday, March 4",
,CLE,MIA,9:00 pm,,"Saturday, March 4",
,LAC,CHI,9:30 pm,ABC,"Saturday, March 4",
,CHA,DEN,10:00 pm,,"Saturday, March 4",
,MEM,HOU,10:00 pm,,"Saturday, March 4",
,MIN,SAS,10:00 pm,,"Saturday, March 4",
,BKN,POR,11:00 pm,,"Saturday, March 4",
"Sunday, March 5",IND,ATL,4:00 pm,,"Sunday, March 5",
,GSW,NYK,4:30 pm,ABC,"Sunday, March 5",
,BOS,PHO,6:00 pm,,"Sunday, March 5",
,ORL,WAS,6:00 pm,,"Sunday, March 5",
,UTA,SAC,7:00 pm,NBATV,"Sunday, March 5",
,OKC,DAL,9:30 pm,ESPN,"Sunday, March 5",
,NOP,LAL,10:30 pm,,"Sunday, March 5",
"Monday, March 6",MIL,PHI,8:00 pm,,"Monday, March 6",
,NYK,ORL,8:00 pm,,"Monday, March 6",
,MIA,CLE,8:00 pm,,"Monday, March 6",
,GSW,ATL,8:30 pm,,"Monday, March 6",
,CHI,DET,8:30 pm,,"Monday, March 6",
,BKN,MEM,9:00 pm,,"Monday, March 6",
,POR,MIN,9:00 pm,,"Monday, March 6",
,IND,CHA,9:00 pm,TNT,"Monday, March 6",
,HOU,SAS,9:30 pm,,"Monday, March 6",
,SAC,DEN,10:00 pm,,"Monday, March 6",
,NOP,UTA,10:00 pm,,"Monday, March 6",
,BOS,LAC,11:30 pm,TNT,"Monday, March 6",
"Tuesday, March 7",POR,OKC,9:00 pm,NBATV,"Tuesday, March 7",
,LAL,DAL,9:30 pm,,"Tuesday, March 7",
,WAS,PHO,10:00 pm,,"Tuesday, March 7",
"Wednesday, March 8",CHI,ORL,8:00 pm,,"Wednesday, March 8",
,BKN,ATL,8:30 pm,,"Wednesday, March 8",
,CHA,MIA,8:30 pm,,"Wednesday, March 8",
,NYK,MIL,9:00 pm,,"Wednesday, March 8",
,TOR,NOP,9:00 pm,,"Wednesday, March 8",
,UTA,HOU,9:00 pm,,"Wednesday, March 8",
,LAC,MIN,9:00 pm,,"Wednesday, March 8",
,DET,IND,9:00 pm,ESPN,"Wednesday, March 8",
,SAC,SAS,9:30 pm,,"Wednesday, March 8",
,WAS,DEN,10:00 pm,,"Wednesday, March 8",
,BOS,GSW,11:30 pm,ESPN,"Wednesday, March 8",
"Thursday, March 9",CLE,DET,8:30 pm,,"Thursday, March 9",
,LAC,MEM,9:00 pm,,"Thursday, March 9",
,SAS,OKC,9:00 pm,TNT,"Thursday, March 9",
,LAL,PHO,10:30 pm,TNT,"Thursday, March 9",
,PHI,POR,11:00 pm,,"Thursday, March 9",
"Friday, March 10",ORL,CHA,8:00 pm,,"Friday, March 10",
,HOU,CHI,9:00 pm,,"Friday, March 10",
,IND,MIL,9:00 pm,,"Friday, March 10",
,GSW,MIN,9:00 pm,NBATV,"Friday, March 10",
,TOR,ATL,9:00 pm,,"Friday, March 10",
,BOS,DEN,10:00 pm,,"Friday, March 10",
,BKN,DAL,10:00 pm,,"Friday, March 10",
,WAS,SAC,11:30 pm,NBATV,"Friday, March 10",
"Saturday, March 11",UTA,OKC,4:00 pm,,"Saturday, March 11",
,PHI,LAC,4:30 pm,,"Saturday, March 11",
,NYK,DET,6:00 pm,,"Saturday, March 11",
,NOP,CHA,8:00 pm,,"Saturday, March 11",
,CLE,ORL,8:00 pm,,"Saturday, March 11",
,MIN,MIL,9:00 pm,,"Saturday, March 11",
,TOR,MIA,9:00 pm,,"Saturday, March 11",
,GSW,SAS,9:30 pm,ABC,"Saturday, March 11",
,ATL,MEM,10:00 pm,,"Saturday, March 11",
,PHO,DAL,10:00 pm,,"Saturday, March 11",
,WAS,POR,11:00 pm,,"Saturday, March 11",
,DEN,SAC,11:30 pm,,"Saturday, March 11",
"Sunday, March 12",CHI,BOS,3:30 pm,ABC,"Sunday, March 12",
,NYK,BKN,6:00 pm,,"Sunday, March 12",
,MIA,IND,6:00 pm,NBATV,"Sunday, March 12",
,POR,PHO,8:00 pm,,"Sunday, March 12",
,CLE,HOU,9:00 pm,ESPN,"Sunday, March 12",
,PHI,LAL,9:30 pm,,"Sunday, March 12",
"Monday, March 13",CHI,CHA,7:00 pm,,"Monday, March 13",
,DAL,TOR,7:30 pm,,"Monday, March 13",
,MIL,MEM,8:00 pm,,"Monday, March 13",
,ATL,SAS,8:00 pm,TNT,"Monday, March 13",
,WAS,MIN,8:00 pm,,"Monday, March 13",
,LAC,UTA,9:00 pm,,"Monday, March 13",
,ORL,SAC,10:30 pm,,"Monday, March 13",
,LAL,DEN,10:30 pm,TNT,"Monday, March 13",
"Tuesday, March 14",DET,CLE,7:00 pm,NBATV,"Tuesday, March 14",
,OKC,BKN,7:30 pm,,"Tuesday, March 14",
,IND,NYK,7:30 pm,,"Tuesday, March 14",
,POR,NOP,8:00 pm,,"Tuesday, March 14",
,PHI,GSW,10:30 pm,,"Tuesday, March 14",
"Wednesday, March 15",DAL,WAS,7:00 pm,,"Wednesday, March 15",
,CHA,IND,7:00 pm,,"Wednesday, March 15",
,MIN,BOS,7:30 pm,,"Wednesday, March 15",
,NOP,MIA,7:30 pm,,"Wednesday, March 15",
,UTA,DET,7:30 pm,,"Wednesday, March 15",
,MEM,CHI,8:00 pm,,"Wednesday, March 15",
,LAL,HOU,8:00 pm,,"Wednesday, March 15",
,POR,SAS,8:00 pm,ESPN,"Wednesday, March 15",
,SAC,PHO,9:00 pm,,"Wednesday, March 15",
,MIL,LAC,10:30 pm,ESPN,"Wednesday, March 15",
"Thursday, March 16",UTA,CLE,7:00 pm,NBATV,"Thursday, March 16",
,OKC,TOR,7:00 pm,,"Thursday, March 16",
,BKN,NYK,7:30 pm,,"Thursday, March 16",
,MEM,ATL,7:30 pm,,"Thursday, March 16",
,LAC,DEN,9:00 pm,,"Thursday, March 16",
,ORL,GSW,10:30 pm,,"Thursday, March 16",
"Friday, March 17",DAL,PHI,7:00 pm,,"Friday, March 17",
,CHI,WAS,7:00 pm,NBATV,"Friday, March 17",
,BOS,BKN,7:30 pm,,"Friday, March 17",
,TOR,DET,7:30 pm,,"Friday, March 17",
,HOU,NOP,8:00 pm,,"Friday, March 17",
,MIN,MIA,8:00 pm,,"Friday, March 17",
,ORL,PHO,9:00 pm,NBATV,"Friday, March 17",
,MIL,LAL,10:30 pm,,"Friday, March 17",
"Saturday, March 18",SAC,OKC,3:00 pm,,"Saturday, March 18",
,POR,ATL,6:00 pm,,"Saturday, March 18",
,WAS,CHA,7:00 pm,,"Saturday, March 18",
,CLE,LAC,8:30 pm,ABC,"Saturday, March 18",
,UTA,CHI,9:00 pm,,"Saturday, March 18",
,SAS,MEM,9:00 pm,,"Saturday, March 18",
,HOU,DEN,9:30 pm,,"Saturday, March 18",
,MIL,GSW,10:30 pm,,"Saturday, March 18",
"Sunday, March 19",DAL,BKN,12:00 pm,,"Sunday, March 19",
,BOS,PHI,1:00 pm,,"Sunday, March 19",
,PHO,DET,4:30 pm,,"Sunday, March 19",
,MIN,NOP,6:00 pm,,"Sunday, March 19",
,IND,TOR,6:00 pm,NBATV,"Sunday, March 19",
,POR,MIA,6:00 pm,,"Sunday, March 19",
,SAC,SAS,7:00 pm,,"Sunday, March 19",
,CLE,LAL,9:30 pm,,"Sunday, March 19",
"Monday, March 20",ATL,CHA,7:00 pm,,"Monday, March 20",
,PHI,ORL,7:00 pm,,"Monday, March 20",
,UTA,IND,7:00 pm,,"Monday, March 20",
,WAS,BOS,7:30 pm,,"Monday, March 20",
,DEN,HOU,8:00 pm,,"Monday, March 20",
,GSW,OKC,8:00 pm,TNT,"Monday, March 20",
,NYK,LAC,10:30 pm,,"Monday, March 20",
"Tuesday, March 21",CHI,TOR,7:00 pm,ESPN,"Tuesday, March 21",
,DET,BKN,7:30 pm,,"Tuesday, March 21",
,PHO,MIA,7:30 pm,,"Tuesday, March 21",
,MEM,NOP,8:00 pm,,"Tuesday, March 21",
,GSW,DAL,8:30 pm,,"Tuesday, March 21",
,SAS,MIN,9:30 pm,ESPN,"Tuesday, March 21",
,MIL,POR,10:00 pm,,"Tuesday, March 21",
,LAC,LAL,10:30 pm,,"Tuesday, March 21",
"Wednesday, March 22",CHA,ORL,7:00 pm,,"Wednesday, March 22",
,IND,BOS,7:30 pm,,"Wednesday, March 22",
,DET,CHI,8:00 pm,,"Wednesday, March 22",
,PHI,OKC,8:00 pm,,"Wednesday, March 22",
,ATL,WAS,8:00 pm,ESPN,"Wednesday, March 22",
,CLE,DEN,9:00 pm,,"Wednesday, March 22",
,MIL,SAC,10:30 pm,,"Wednesday, March 22",
,NYK,UTA,10:30 pm,ESPN,"Wednesday, March 22",
"Thursday, March 23",PHO,BKN,7:30 pm,NBATV,"Thursday, March 23",
,TOR,MIA,7:30 pm,,"Thursday, March 23",
,LAC,DAL,8:30 pm,,"Thursday, March 23",
,MEM,SAS,8:30 pm,,"Thursday, March 23",
,NYK,POR,10:00 pm,NBATV,"Thursday, March 23",
"Friday, March 24",BKN,WAS,7:00 pm,,"Friday, March 24",
,CLE,CHA,7:00 pm,,"Friday, March 24",
,DET,ORL,7:00 pm,,"Friday, March 24",
,DEN,IND,7:00 pm,,"Friday, March 24",
,PHO,BOS,7:30 pm,,"Friday, March 24",
,PHI,CHI,8:00 pm,,"Friday, March 24",
,ATL,MIL,8:00 pm,NBATV,"Friday, March 24",
,NOP,HOU,8:00 pm,,"Friday, March 24",
,MIN,LAL,10:30 pm,,"Friday, March 24",
,SAC,GSW,10:30 pm,,"Friday, March 24",
"Saturday, March 25",UTA,LAC,6:30 pm,,"Saturday, March 25",
,WAS,CLE,7:30 pm,,"Saturday, March 25",
,TOR,DAL,9:30 pm,,"Saturday, March 25",
,NYK,SAS,9:30 pm,NBATV,"Saturday, March 25",
,MIN,POR,10:00 pm,,"Saturday, March 25",
"Sunday, March 26",PHO,CHA,1:00 pm,,"Sunday, March 26",
,BKN,ATL,1:00 pm,,"Sunday, March 26",
,SAC,LAC,3:30 pm,,"Sunday, March 26",
,CHI,MIL,3:30 pm,,"Sunday, March 26",
,OKC,HOU,3:30 pm,ABC,"Sunday, March 26",
,PHI,IND,6:00 pm,,"Sunday, March 26",
,MIA,BOS,6:00 pm,,"Sunday, March 26",
,MEM,GSW,8:00 pm,,"Sunday, March 26",
,NOP,DEN,8:00 pm,,"Sunday, March 26",
,POR,LAL,9:30 pm,,"Sunday, March 26",
"Monday, March 27",ORL,TOR,7:30 pm,,"Monday, March 27",
,DET,NYK,7:30 pm,,"Monday, March 27",
,CLE,SAS,8:00 pm,,"Monday, March 27",
,OKC,DAL,8:30 pm,,"Monday, March 27",
,MEM,SAC,10:30 pm,,"Monday, March 27",
,NOP,UTA,10:30 pm,,"Monday, March 27",
"Tuesday, March 28",MIL,CHA,7:00 pm,,"Tuesday, March 28",
,MIN,IND,7:00 pm,,"Tuesday, March 28",
,PHI,BKN,7:30 pm,,"Tuesday, March 28",
,PHO,ATL,7:30 pm,,"Tuesday, March 28",
,MIA,DET,7:30 pm,,"Tuesday, March 28",
,GSW,HOU,8:00 pm,NBATV,"Tuesday, March 28",
,DEN,POR,10:00 pm,,"Tuesday, March 28",
,WAS,LAL,10:30 pm,NBATV,"Tuesday, March 28",
"Wednesday, March 29",ATL,PHI,7:00 pm,,"Wednesday, March 29",
,OKC,ORL,7:00 pm,NBATV,"Wednesday, March 29",
,MIL,BOS,7:30 pm,,"Wednesday, March 29",
,CHA,TOR,7:30 pm,,"Wednesday, March 29",
,MIA,NYK,7:30 pm,,"Wednesday, March 29",
,IND,MEM,8:00 pm,,"Wednesday, March 29",
,DAL,NOP,8:00 pm,,"Wednesday, March 29",
,GSW,SAS,9:30 pm,ESPN,"Wednesday, March 29",
,WAS,LAC,10:30 pm,,"Wednesday, March 29",
,UTA,SAC,10:30 pm,,"Wednesday, March 29",
"Thursday, March 30",BKN,DET,7:30 pm,,"Thursday, March 30",
,CLE,CHI,8:00 pm,,"Thursday, March 30",
,LAL,MIN,8:00 pm,,"Thursday, March 30",
,LAC,PHO,9:00 pm,,"Thursday, March 30",
,HOU,POR,10:30 pm,,"Thursday, March 30",
"Friday, March 31",IND,TOR,7:00 pm,ESPN,"Friday, March 31",
,DEN,CHA,7:00 pm,,"Friday, March 31",
,PHI,CLE,7:30 pm,,"Friday, March 31",
,ORL,BOS,7:30 pm,,"Friday, March 31",
,DET,MIL,8:00 pm,,"Friday, March 31",
,DAL,MEM,8:00 pm,,"Friday, March 31",
,SAC,NOP,8:00 pm,,"Friday, March 31",
,NYK,MIA,8:00 pm,,"Friday, March 31",
,WAS,UTA,9:00 pm,,"Friday, March 31",
,SAS,OKC,9:30 pm,ESPN,"Friday, March 31",
,HOU,GSW,10:30 pm,,"Friday, March 31",
"Saturday, April 1",LAL,LAC,3:30 pm,,"Saturday, April 1",
,ATL,CHI,5:00 pm,NBATV,"Saturday, April 1",
,ORL,BKN,6:00 pm,,"Saturday, April 1",
,SAC,MIN,8:00 pm,,"Saturday, April 1",
,PHO,POR,10:00 pm,,"Saturday, April 1",
"Sunday, April 2",CHA,OKC,3:00 pm,,"Sunday, April 2",
,MEM,LAL,3:30 pm,,"Sunday, April 2",
,DAL,MIL,3:30 pm,,"Sunday, April 2",
,BOS,NYK,3:30 pm,ABC,"Sunday, April 2",
,CHI,NOP,6:00 pm,,"Sunday, April 2",
,PHI,TOR,6:00 pm,,"Sunday, April 2",
,ATL,BKN,6:00 pm,,"Sunday, April 2",
,DEN,MIA,6:00 pm,NBATV,"Sunday, April 2",
,IND,CLE,6:00 pm,,"Sunday, April 2",
,UTA,SAS,7:00 pm,,"Sunday, April 2",
,WAS,GSW,8:00 pm,,"Sunday, April 2",
,HOU,PHO,9:00 pm,NBATV,"Sunday, April 2",
"Tuesday, April 4",BKN,PHI,7:00 pm,,"Tuesday, April 4",
,CHA,WAS,7:00 pm,,"Tuesday, April 4",
,ORL,CLE,7:00 pm,,"Tuesday, April 4",
,TOR,IND,7:00 pm,,"Tuesday, April 4",
,DEN,NOP,8:00 pm,,"Tuesday, April 4",
,MIL,OKC,8:00 pm,,"Tuesday, April 4",
,CHI,NYK,8:00 pm,ESPN,"Tuesday, April 4",
,MEM,SAS,8:30 pm,,"Tuesday, April 4",
,MIN,GSW,10:30 pm,,"Tuesday, April 4",
,DAL,SAC,10:30 pm,,"Tuesday, April 4",
,POR,UTA,10:30 pm,ESPN,"Tuesday, April 4",
"Wednesday, April 5",MIA,CHA,7:00 pm,,"Wednesday, April 5",
,TOR,DET,7:30 pm,,"Wednesday, April 5",
,OKC,MEM,8:00 pm,,"Wednesday, April 5",
,DEN,HOU,8:00 pm,,"Wednesday, April 5",
,CLE,BOS,8:00 pm,ESPN,"Wednesday, April 5",
,LAL,SAS,8:30 pm,,"Wednesday, April 5",
,GSW,PHO,10:00 pm,,"Wednesday, April 5",
,DAL,LAC,10:30 pm,ESPN,"Wednesday, April 5",
"Thursday, April 6",CHI,PHI,7:00 pm,,"Thursday, April 6",
,BKN,ORL,7:00 pm,,"Thursday, April 6",
,MIL,IND,7:00 pm,,"Thursday, April 6",
,WAS,NYK,7:30 pm,,"Thursday, April 6",
,BOS,ATL,8:00 pm,TNT,"Thursday, April 6",
,MIN,POR,10:30 pm,,"Thursday, April 6",
"Friday, April 7",ATL,CLE,7:30 pm,NBATV,"Friday, April 7",
,MIA,TOR,7:30 pm,,"Friday, April 7",
,NYK,MEM,8:00 pm,,"Friday, April 7",
,DET,HOU,8:00 pm,,"Friday, April 7",
,SAS,DAL,8:30 pm,,"Friday, April 7",
,NOP,DEN,9:00 pm,,"Friday, April 7",
,MIN,UTA,9:00 pm,,"Friday, April 7",
,OKC,PHO,10:00 pm,NBATV,"Friday, April 7",
,SAC,LAL,10:30 pm,,"Friday, April 7",
"Saturday, April 8",CHI,BKN,5:00 pm,NBATV,"Saturday, April 8",
,BOS,CHA,6:00 pm,,"Saturday, April 8",
,IND,ORL,6:00 pm,,"Saturday, April 8",
,MIL,PHI,7:00 pm,,"Saturday, April 8",
,MIA,WAS,7:00 pm,,"Saturday, April 8",
,LAC,SAS,8:30 pm,ABC,"Saturday, April 8",
,UTA,POR,10:00 pm,,"Saturday, April 8",
,NOP,GSW,10:30 pm,,"Saturday, April 8",
"Sunday, April 9",TOR,NYK,1:00 pm,NBATV,"Sunday, April 9",
,CLE,ATL,3:30 pm,NBATV,"Sunday, April 9",
,OKC,DEN,5:00 pm,,"Sunday, April 9",
,DAL,PHO,6:00 pm,,"Sunday, April 9",
,HOU,SAC,6:00 pm,,"Sunday, April 9",
,DET,MEM,6:00 pm,,"Sunday, April 9",
,MIN,LAL,9:30 pm,NBATV,"Sunday, April 9",
"Monday, April 10",IND,PHI,7:00 pm,,"Monday, April 10",
,BKN,BOS,7:30 pm,,"Monday, April 10",
,CLE,MIA,7:30 pm,,"Monday, April 10",
,ORL,CHI,8:00 pm,,"Monday, April 10",
,CHA,MIL,8:00 pm,,"Monday, April 10",
,WAS,DET,8:00 pm,TNT,"Monday, April 10",
,SAS,POR,10:00 pm,,"Monday, April 10",
,HOU,LAC,10:30 pm,,"Monday, April 10",
,UTA,GSW,10:30 pm,,"Monday, April 10",
"Tuesday, April 11",CHA,ATL,7:30 pm,,"Tuesday, April 11",
,OKC,MIN,8:00 pm,NBATV,"Tuesday, April 11",
,DEN,DAL,8:30 pm,,"Tuesday, April 11",
,NOP,LAL,10:30 pm,,"Tuesday, April 11",
,PHO,SAC,10:30 pm,NBATV,"Tuesday, April 11",
"Wednesday, April 12",DET,ORL,8:00 pm,,"Wednesday, April 12",
,TOR,CLE,8:00 pm,,"Wednesday, April 12",
,MIL,BOS,8:00 pm,,"Wednesday, April 12",
,PHI,NYK,8:00 pm,,"Wednesday, April 12",
,WAS,MIA,8:00 pm,,"Wednesday, April 12",
,BKN,CHI,8:00 pm,,"Wednesday, April 12",
,DAL,MEM,8:00 pm,,"Wednesday, April 12",
,MIN,HOU,8:00 pm,,"Wednesday, April 12",
,DEN,OKC,8:00 pm,,"Wednesday, April 12",
,ATL,IND,8:00 pm,ESPN,"Wednesday, April 12",
,SAS,UTA,10:00 pm,,"Wednesday, April 12",
,SAC,LAC,10:30 pm,,"Wednesday, April 12",
,LAL,GSW,10:30 pm,,"Wednesday, April 12",
,NOP,POR,10:30 pm,ESPN,"Wednesday, April 12",
